2018.12.22.22.25,INTAKE-L-AMP,INTAKE-L-AMP-AVG,INTAKE-R-AMP,INTAKE-R-AMP-AVG,INTAKE-L-PRCNT,INTAKE-R-PRCNT,CLIMBER-1-AMP,CLIMBER-1-AMP-AVG,CLIMBER-2-AMP,CLIMBER-2-AMP-AVG,CLIMBER-PRCNT,BATTERY-VOLTAGE,BROWNED-OUT,PDP-TEMP,PDP-TEMP-AVG,PDP-AMP,PDP-AMP-AVG,PDP-VOLT,PDP-VOLT-AVG,INTAKE-STATE,CLIMB-STATE
Functions,,=AVERAGE(B:B),,=AVERAGE(D:D),,,,=AVERAGE(H:H),,=AVERAGE(J:J),,,,,=AVERAGE(O:O),,=AVERAGE(Q:Q),,=AVERAGE(S:S),,
12.22.22.25.47.093,0.0,,0.0,,0.0,0.0,0.0,,0.0,,0.0,0.0,false,0.0,,0.0,,12.0,,NEUTRAL-false,NEUTRAL-false
12.22.22.25.47.218,0.0,,0.0,,0.0,0.0,0.0,,0.0,,0.0,0.0,false,0.0,,0.0,,12.0,,NEUTRAL-false,NEUTRAL-false
12.22.22.25.47.343,0.0,,0.0,,0.0,0.0,0.0,,0.0,,0.0,0.0,false,0.0,,0.0,,12.0,,NEUTRAL-false,NEUTRAL-false
12.22.22.25.47.468,0.0,,0.0,,0.0,0.0,0.0,,0.0,,0.0,0.0,false,0.0,,0.0,,12.0,,NEUTRAL-false,NEUTRAL-false
12.22.22.25.47.593,0.0,,0.0,,0.0,0.0,0.0,,0.0,,0.0,0.0,false,0.0,,0.0,,12.0,,NEUTRAL-false,NEUTRAL-false
12.22.22.25.47.718,0.0,,0.0,,0.0,0.0,0.0,,0.0,,0.0,0.0,false,0.0,,0.0,,12.0,,NEUTRAL-false,NEUTRAL-false
12.22.22.25.47.843,0.0,,0.0,,0.0,0.0,0.0,,0.0,,0.0,0.0,false,0.0,,0.0,,12.0,,NEUTRAL-false,NEUTRAL-false
12.22.22.25.47.967,0.0,,0.0,,0.0,0.0,0.0,,0.0,,0.0,0.0,false,0.0,,0.0,,12.0,,NEUTRAL-false,NEUTRAL-false
12.22.22.25.48.092,0.0,,0.0,,0.0,0.0,0.0,,0.0,,0.0,0.0,false,0.0,,0.0,,12.0,,NEUTRAL-false,NEUTRAL-false
12.22.22.25.48.218,0.0,,0.0,,0.0,0.0,0.0,,0.0,,0.0,0.0,false,0.0,,0.0,,12.0,,NEUTRAL-false,NEUTRAL-false
12.22.22.25.48.343,0.0,,0.0,,0.0,0.0,0.0,,0.0,,0.0,0.0,false,0.0,,0.0,,12.0,,NEUTRAL-false,NEUTRAL-false
12.22.22.25.48.468,0.0,,0.0,,0.0,0.0,0.0,,0.0,,0.0,0.0,false,0.0,,0.0,,12.0,,NEUTRAL-false,NEUTRAL-false
12.22.22.25.48.593,0.0,,0.0,,0.0,0.0,0.0,,0.0,,0.0,0.0,false,0.0,,0.0,,12.0,,NEUTRAL-false,NEUTRAL-false
12.22.22.25.48.718,0.0,,0.0,,0.0,0.0,0.0,,0.0,,0.0,0.0,false,0.0,,0.0,,12.0,,NEUTRAL-false,NEUTRAL-false
12.22.22.25.48.843,0.0,,0.0,,0.0,0.0,0.0,,0.0,,0.0,0.0,false,0.0,,0.0,,12.0,,NEUTRAL-false,NEUTRAL-false
12.22.22.25.48.968,0.0,,0.0,,0.0,0.0,0.0,,0.0,,0.0,0.0,false,0.0,,0.0,,12.0,,NEUTRAL-false,NEUTRAL-false
12.22.22.25.49.093,0.0,,0.0,,0.0,0.0,0.0,,0.0,,0.0,0.0,false,0.0,,0.0,,12.0,,NEUTRAL-false,NEUTRAL-false
12.22.22.25.49.217,0.0,,0.0,,0.0,0.0,0.0,,0.0,,0.0,0.0,false,0.0,,0.0,,12.0,,NEUTRAL-false,NEUTRAL-false
12.22.22.25.49.343,0.0,,0.0,,0.0,0.0,0.0,,0.0,,0.0,0.0,false,0.0,,0.0,,12.0,,NEUTRAL-false,NEUTRAL-false
12.22.22.25.49.467,0.0,,0.0,,0.0,0.0,0.0,,0.0,,0.0,0.0,false,0.0,,0.0,,12.0,,NEUTRAL-false,NEUTRAL-false
12.22.22.25.49.593,0.0,,0.0,,0.0,0.0,0.0,,0.0,,0.0,0.0,false,0.0,,0.0,,12.0,,NEUTRAL-false,NEUTRAL-false
12.22.22.25.49.718,0.0,,0.0,,0.0,0.0,0.0,,0.0,,0.0,0.0,false,0.0,,0.0,,12.0,,NEUTRAL-false,NEUTRAL-false
12.22.22.25.49.843,0.0,,0.0,,0.0,0.0,0.0,,0.0,,0.0,0.0,false,0.0,,0.0,,12.0,,NEUTRAL-false,NEUTRAL-false
12.22.22.25.49.996,0.0,,0.0,,0.0,0.0,0.0,,0.0,,0.0,0.0,false,0.0,,0.0,,12.0,,NEUTRAL-false,NEUTRAL-false
12.22.22.25.50.093,0.0,,0.0,,0.0,0.0,0.0,,0.0,,0.0,0.0,false,0.0,,0.0,,12.0,,NEUTRAL-false,NEUTRAL-false
12.22.22.25.50.218,0.0,,0.0,,0.0,0.0,0.0,,0.0,,0.0,0.0,false,0.0,,0.0,,12.0,,NEUTRAL-false,NEUTRAL-false
12.22.22.25.50.344,0.0,,0.0,,0.0,0.0,0.0,,0.0,,0.0,0.0,false,0.0,,0.0,,12.0,,NEUTRAL-false,NEUTRAL-false
12.22.22.25.50.468,0.0,,0.0,,0.0,0.0,0.0,,0.0,,0.0,0.0,false,0.0,,0.0,,12.0,,NEUTRAL-false,NEUTRAL-false
12.22.22.25.50.593,0.0,,0.0,,0.0,0.0,0.0,,0.0,,0.0,0.0,false,0.0,,0.0,,12.0,,NEUTRAL-false,NEUTRAL-false
12.22.22.25.50.718,0.0,,0.0,,0.0,0.0,0.0,,0.0,,0.0,0.0,false,0.0,,0.0,,12.0,,NEUTRAL-false,NEUTRAL-false
12.22.22.25.50.843,0.0,,0.0,,0.0,0.0,0.0,,0.0,,0.0,0.0,false,0.0,,0.0,,12.0,,NEUTRAL-false,NEUTRAL-false
12.22.22.25.50.968,0.0,,0.0,,0.0,0.0,0.0,,0.0,,0.0,0.0,false,0.0,,0.0,,12.0,,NEUTRAL-false,NEUTRAL-false
12.22.22.25.51.093,0.0,,0.0,,0.0,0.0,0.0,,0.0,,0.0,0.0,false,0.0,,0.0,,12.0,,NEUTRAL-false,NEUTRAL-false
12.22.22.25.51.217,0.0,,0.0,,0.0,0.0,0.0,,0.0,,0.0,0.0,false,0.0,,0.0,,12.0,,NEUTRAL-false,NEUTRAL-false
12.22.22.25.51.343,0.0,,0.0,,0.0,0.0,0.0,,0.0,,0.0,0.0,false,0.0,,0.0,,12.0,,NEUTRAL-false,NEUTRAL-false
12.22.22.25.51.468,0.0,,0.0,,0.0,0.0,0.0,,0.0,,0.0,0.0,false,0.0,,0.0,,12.0,,NEUTRAL-false,NEUTRAL-false
12.22.22.25.51.593,0.0,,0.0,,0.0,0.0,0.0,,0.0,,0.0,0.0,false,0.0,,0.0,,12.0,,NEUTRAL-false,NEUTRAL-false
12.22.22.25.51.718,0.0,,0.0,,0.0,0.0,0.0,,0.0,,0.0,0.0,false,0.0,,0.0,,12.0,,NEUTRAL-false,NEUTRAL-false
12.22.22.25.51.843,0.0,,0.0,,0.0,0.0,0.0,,0.0,,0.0,0.0,false,0.0,,0.0,,12.0,,NEUTRAL-false,NEUTRAL-false
12.22.22.25.51.968,0.0,,0.0,,0.0,0.0,0.0,,0.0,,0.0,0.0,false,0.0,,0.0,,12.0,,NEUTRAL-false,NEUTRAL-false
12.22.22.25.52.093,0.0,,0.0,,0.0,0.0,0.0,,0.0,,0.0,0.0,false,0.0,,0.0,,12.0,,NEUTRAL-false,NEUTRAL-false
12.22.22.25.52.219,0.0,,0.0,,0.0,0.0,0.0,,0.0,,0.0,0.0,false,0.0,,0.0,,12.0,,NEUTRAL-false,NEUTRAL-false
12.22.22.25.52.343,0.0,,0.0,,0.0,0.0,0.0,,0.0,,0.0,0.0,false,0.0,,0.0,,12.0,,NEUTRAL-false,NEUTRAL-false
12.22.22.25.52.468,0.0,,0.0,,0.0,0.0,0.0,,0.0,,0.0,0.0,false,0.0,,0.0,,12.0,,NEUTRAL-false,NEUTRAL-false
12.22.22.25.52.594,0.0,,0.0,,0.0,0.0,0.0,,0.0,,0.0,0.0,false,0.0,,0.0,,12.0,,NEUTRAL-false,NEUTRAL-false
12.22.22.25.52.719,0.0,,0.0,,0.0,0.0,0.0,,0.0,,0.0,0.0,false,0.0,,0.0,,12.0,,NEUTRAL-false,NEUTRAL-false
12.22.22.25.52.842,0.0,,0.0,,0.0,0.0,0.0,,0.0,,0.0,0.0,false,0.0,,0.0,,12.0,,NEUTRAL-false,NEUTRAL-false
12.22.22.25.52.968,0.0,,0.0,,0.0,0.0,0.0,,0.0,,0.0,0.0,false,0.0,,0.0,,12.0,,NEUTRAL-false,NEUTRAL-false
12.22.22.25.53.093,0.0,,0.0,,0.0,0.0,0.0,,0.0,,0.0,0.0,false,0.0,,0.0,,12.0,,NEUTRAL-false,NEUTRAL-false
12.22.22.25.53.218,0.0,,0.0,,0.0,0.0,0.0,,0.0,,0.0,0.0,false,0.0,,0.0,,12.0,,NEUTRAL-false,NEUTRAL-false
12.22.22.25.53.342,0.0,,0.0,,0.0,0.0,0.0,,0.0,,0.0,0.0,false,0.0,,0.0,,12.0,,NEUTRAL-false,NEUTRAL-false
12.22.22.25.53.468,0.0,,0.0,,0.0,0.0,0.0,,0.0,,0.0,0.0,false,0.0,,0.0,,12.0,,NEUTRAL-false,NEUTRAL-false
12.22.22.25.53.593,0.0,,0.0,,0.0,0.0,0.0,,0.0,,0.0,0.0,false,0.0,,0.0,,12.0,,NEUTRAL-false,NEUTRAL-false
12.22.22.25.53.718,0.0,,0.0,,0.0,0.0,0.0,,0.0,,0.0,0.0,false,0.0,,0.0,,12.0,,NEUTRAL-false,NEUTRAL-false
12.22.22.25.53.843,0.0,,0.0,,0.0,0.0,0.0,,0.0,,0.0,0.0,false,0.0,,0.0,,12.0,,NEUTRAL-false,NEUTRAL-false
12.22.22.25.53.967,0.0,,0.0,,0.0,0.0,0.0,,0.0,,0.0,0.0,false,0.0,,0.0,,12.0,,NEUTRAL-false,NEUTRAL-false
12.22.22.25.54.092,0.0,,0.0,,0.0,0.0,0.0,,0.0,,0.0,0.0,false,0.0,,0.0,,12.0,,NEUTRAL-false,NEUTRAL-false
12.22.22.25.54.218,0.0,,0.0,,0.0,0.0,0.0,,0.0,,0.0,0.0,false,0.0,,0.0,,12.0,,NEUTRAL-false,NEUTRAL-false
12.22.22.25.54.343,0.0,,0.0,,0.0,0.0,0.0,,0.0,,0.0,0.0,false,0.0,,0.0,,12.0,,NEUTRAL-false,NEUTRAL-false
12.22.22.25.54.468,0.0,,0.0,,0.0,0.0,0.0,,0.0,,0.0,0.0,false,0.0,,0.0,,12.0,,NEUTRAL-false,NEUTRAL-false
12.22.22.25.54.593,0.0,,0.0,,0.0,0.0,0.0,,0.0,,0.0,0.0,false,0.0,,0.0,,12.0,,NEUTRAL-false,NEUTRAL-false
12.22.22.25.54.718,0.0,,0.0,,0.0,0.0,0.0,,0.0,,0.0,0.0,false,0.0,,0.0,,12.0,,NEUTRAL-false,NEUTRAL-false
12.22.22.25.54.843,0.0,,0.0,,0.0,0.0,0.0,,0.0,,0.0,0.0,false,0.0,,0.0,,12.0,,NEUTRAL-false,NEUTRAL-false
12.22.22.25.54.967,0.0,,0.0,,0.0,0.0,0.0,,0.0,,0.0,0.0,false,0.0,,0.0,,12.0,,NEUTRAL-false,NEUTRAL-false
12.22.22.25.55.094,0.0,,0.0,,0.0,0.0,0.0,,0.0,,0.0,0.0,false,0.0,,0.0,,12.0,,NEUTRAL-false,NEUTRAL-false
12.22.22.25.55.218,0.0,,0.0,,0.0,0.0,0.0,,0.0,,0.0,0.0,false,0.0,,0.0,,12.0,,NEUTRAL-false,NEUTRAL-false
12.22.22.25.55.344,0.0,,0.0,,0.0,0.0,0.0,,0.0,,0.0,0.0,false,0.0,,0.0,,12.0,,NEUTRAL-false,NEUTRAL-false
12.22.22.25.55.468,0.0,,0.0,,0.0,0.0,0.0,,0.0,,0.0,0.0,false,0.0,,0.0,,12.0,,NEUTRAL-false,NEUTRAL-false
12.22.22.25.55.594,0.0,,0.0,,0.0,0.0,0.0,,0.0,,0.0,0.0,false,0.0,,0.0,,12.0,,NEUTRAL-false,NEUTRAL-false
12.22.22.25.55.718,0.0,,0.0,,0.0,0.0,0.0,,0.0,,0.0,0.0,false,0.0,,0.0,,12.0,,NEUTRAL-false,NEUTRAL-false
12.22.22.25.55.842,0.0,,0.0,,0.0,0.0,0.0,,0.0,,0.0,0.0,false,0.0,,0.0,,12.0,,NEUTRAL-false,NEUTRAL-false
12.22.22.25.55.968,0.0,,0.0,,0.0,0.0,0.0,,0.0,,0.0,0.0,false,0.0,,0.0,,12.0,,NEUTRAL-false,NEUTRAL-false
12.22.22.25.56.092,0.0,,0.0,,0.0,0.0,0.0,,0.0,,0.0,0.0,false,0.0,,0.0,,12.0,,NEUTRAL-false,NEUTRAL-false
12.22.22.25.56.218,0.0,,0.0,,0.0,0.0,0.0,,0.0,,0.0,0.0,false,0.0,,0.0,,12.0,,NEUTRAL-false,NEUTRAL-false
12.22.22.25.56.343,0.0,,0.0,,0.0,0.0,0.0,,0.0,,0.0,0.0,false,0.0,,0.0,,12.0,,NEUTRAL-false,NEUTRAL-false
12.22.22.25.56.467,0.0,,0.0,,0.0,0.0,0.0,,0.0,,0.0,0.0,false,0.0,,0.0,,12.0,,NEUTRAL-false,NEUTRAL-false
12.22.22.25.56.593,0.0,,0.0,,0.0,0.0,0.0,,0.0,,0.0,0.0,false,0.0,,0.0,,12.0,,NEUTRAL-false,NEUTRAL-false
12.22.22.25.56.717,0.0,,0.0,,0.0,0.0,0.0,,0.0,,0.0,0.0,false,0.0,,0.0,,12.0,,NEUTRAL-false,NEUTRAL-false
12.22.22.25.56.843,0.0,,0.0,,0.0,0.0,0.0,,0.0,,0.0,0.0,false,0.0,,0.0,,12.0,,NEUTRAL-false,NEUTRAL-false
12.22.22.25.56.969,0.0,,0.0,,0.0,0.0,0.0,,0.0,,0.0,0.0,false,0.0,,0.0,,12.0,,NEUTRAL-false,NEUTRAL-false
12.22.22.25.57.093,0.0,,0.0,,0.0,0.0,0.0,,0.0,,0.0,0.0,false,0.0,,0.0,,12.0,,NEUTRAL-false,NEUTRAL-false
12.22.22.25.57.218,0.0,,0.0,,0.0,0.0,0.0,,0.0,,0.0,0.0,false,0.0,,0.0,,12.0,,NEUTRAL-false,NEUTRAL-false
12.22.22.25.57.343,0.0,,0.0,,0.0,0.0,0.0,,0.0,,0.0,0.0,false,0.0,,0.0,,12.0,,NEUTRAL-false,NEUTRAL-false
12.22.22.25.57.468,0.0,,0.0,,0.0,0.0,0.0,,0.0,,0.0,0.0,false,0.0,,0.0,,12.0,,NEUTRAL-false,NEUTRAL-false
12.22.22.25.57.594,0.0,,0.0,,0.0,0.0,0.0,,0.0,,0.0,0.0,false,0.0,,0.0,,12.0,,NEUTRAL-false,NEUTRAL-false
12.22.22.25.57.718,0.0,,0.0,,0.0,0.0,0.0,,0.0,,0.0,0.0,false,0.0,,0.0,,12.0,,NEUTRAL-false,NEUTRAL-false
12.22.22.25.57.842,0.0,,0.0,,0.0,0.0,0.0,,0.0,,0.0,0.0,false,0.0,,0.0,,12.0,,NEUTRAL-false,NEUTRAL-false
12.22.22.25.57.967,0.0,,0.0,,0.0,0.0,0.0,,0.0,,0.0,0.0,false,0.0,,0.0,,12.0,,NEUTRAL-false,NEUTRAL-false
12.22.22.25.58.093,0.0,,0.0,,0.0,0.0,0.0,,0.0,,0.0,0.0,false,0.0,,0.0,,12.0,,NEUTRAL-false,NEUTRAL-false
12.22.22.25.58.218,0.0,,0.0,,0.0,0.0,0.0,,0.0,,0.0,0.0,false,0.0,,0.0,,12.0,,NEUTRAL-false,NEUTRAL-false
12.22.22.25.58.342,0.0,,0.0,,0.0,0.0,0.0,,0.0,,0.0,0.0,false,0.0,,0.0,,12.0,,NEUTRAL-false,NEUTRAL-false
12.22.22.25.58.467,0.0,,0.0,,0.0,0.0,0.0,,0.0,,0.0,0.0,false,0.0,,0.0,,12.0,,NEUTRAL-false,NEUTRAL-false
12.22.22.25.58.593,0.0,,0.0,,0.0,0.0,0.0,,0.0,,0.0,0.0,false,0.0,,0.0,,12.0,,NEUTRAL-false,NEUTRAL-false
12.22.22.25.58.719,0.0,,0.0,,0.0,0.0,0.0,,0.0,,0.0,0.0,false,0.0,,0.0,,12.0,,NEUTRAL-false,NEUTRAL-false
12.22.22.25.58.843,0.0,,0.0,,0.0,0.0,0.0,,0.0,,0.0,0.0,false,0.0,,0.0,,12.0,,NEUTRAL-false,NEUTRAL-false
12.22.22.25.58.967,0.0,,0.0,,0.0,0.0,0.0,,0.0,,0.0,0.0,false,0.0,,0.0,,12.0,,NEUTRAL-false,NEUTRAL-false
12.22.22.25.59.092,0.0,,0.0,,0.0,0.0,0.0,,0.0,,0.0,0.0,false,0.0,,0.0,,12.0,,NEUTRAL-false,NEUTRAL-false
12.22.22.25.59.217,0.0,,0.0,,0.0,0.0,0.0,,0.0,,0.0,0.0,false,0.0,,0.0,,12.0,,NEUTRAL-false,NEUTRAL-false
12.22.22.25.59.343,0.0,,0.0,,0.0,0.0,0.0,,0.0,,0.0,0.0,false,0.0,,0.0,,12.0,,NEUTRAL-false,NEUTRAL-false
12.22.22.25.59.468,0.0,,0.0,,0.0,0.0,0.0,,0.0,,0.0,0.0,false,0.0,,0.0,,12.0,,NEUTRAL-false,NEUTRAL-false
12.22.22.25.59.593,0.0,,0.0,,0.0,0.0,0.0,,0.0,,0.0,0.0,false,0.0,,0.0,,12.0,,NEUTRAL-false,NEUTRAL-false
12.22.22.25.59.717,0.0,,0.0,,0.0,0.0,0.0,,0.0,,0.0,0.0,false,0.0,,0.0,,12.0,,NEUTRAL-false,NEUTRAL-false
12.22.22.25.59.842,0.0,,0.0,,0.0,0.0,0.0,,0.0,,0.0,0.0,false,0.0,,0.0,,12.0,,NEUTRAL-false,NEUTRAL-false
12.22.22.25.59.968,0.0,,0.0,,0.0,0.0,0.0,,0.0,,0.0,0.0,false,0.0,,0.0,,12.0,,NEUTRAL-false,NEUTRAL-false
12.22.22.26.00.093,0.0,,0.0,,0.0,0.0,0.0,,0.0,,0.0,0.0,false,0.0,,0.0,,12.0,,NEUTRAL-false,NEUTRAL-false
12.22.22.26.00.217,0.0,,0.0,,0.0,0.0,0.0,,0.0,,0.0,0.0,false,0.0,,0.0,,12.0,,NEUTRAL-false,NEUTRAL-false
12.22.22.26.00.343,0.0,,0.0,,0.0,0.0,0.0,,0.0,,0.0,0.0,false,0.0,,0.0,,12.0,,NEUTRAL-false,NEUTRAL-false
12.22.22.26.00.468,0.0,,0.0,,0.0,0.0,0.0,,0.0,,0.0,0.0,false,0.0,,0.0,,12.0,,NEUTRAL-false,NEUTRAL-false
12.22.22.26.00.594,0.0,,0.0,,0.0,0.0,0.0,,0.0,,0.0,0.0,false,0.0,,0.0,,12.0,,NEUTRAL-false,NEUTRAL-false
12.22.22.26.00.718,0.0,,0.0,,0.0,0.0,0.0,,0.0,,0.0,0.0,false,0.0,,0.0,,12.0,,NEUTRAL-false,NEUTRAL-false
12.22.22.26.00.843,0.0,,0.0,,0.0,0.0,0.0,,0.0,,0.0,0.0,false,0.0,,0.0,,12.0,,NEUTRAL-false,NEUTRAL-false
12.22.22.26.00.967,0.0,,0.0,,0.0,0.0,0.0,,0.0,,0.0,0.0,false,0.0,,0.0,,12.0,,NEUTRAL-false,NEUTRAL-false
12.22.22.26.01.092,0.0,,0.0,,0.0,0.0,0.0,,0.0,,0.0,0.0,false,0.0,,0.0,,12.0,,NEUTRAL-false,NEUTRAL-false
12.22.22.26.01.218,0.0,,0.0,,0.0,0.0,0.0,,0.0,,0.0,0.0,false,0.0,,0.0,,12.0,,NEUTRAL-false,NEUTRAL-false
12.22.22.26.01.343,0.0,,0.0,,0.0,0.0,0.0,,0.0,,0.0,0.0,false,0.0,,0.0,,12.0,,NEUTRAL-false,NEUTRAL-false
12.22.22.26.01.468,0.0,,0.0,,0.0,0.0,0.0,,0.0,,0.0,0.0,false,0.0,,0.0,,12.0,,NEUTRAL-false,NEUTRAL-false
12.22.22.26.01.592,0.0,,0.0,,0.0,0.0,0.0,,0.0,,0.0,0.0,false,0.0,,0.0,,12.0,,NEUTRAL-false,NEUTRAL-false
12.22.22.26.01.718,0.0,,0.0,,0.0,0.0,0.0,,0.0,,0.0,0.0,false,0.0,,0.0,,12.0,,NEUTRAL-false,NEUTRAL-false
12.22.22.26.01.842,0.0,,0.0,,0.0,0.0,0.0,,0.0,,0.0,0.0,false,0.0,,0.0,,12.0,,NEUTRAL-false,NEUTRAL-false
12.22.22.26.01.968,0.0,,0.0,,0.0,0.0,0.0,,0.0,,0.0,0.0,false,0.0,,0.0,,12.0,,NEUTRAL-false,NEUTRAL-false
12.22.22.26.02.092,0.0,,0.0,,0.0,0.0,0.0,,0.0,,0.0,0.0,false,0.0,,0.0,,12.0,,NEUTRAL-false,NEUTRAL-false
12.22.22.26.02.217,0.0,,0.0,,0.0,0.0,0.0,,0.0,,0.0,0.0,false,0.0,,0.0,,12.0,,NEUTRAL-false,NEUTRAL-false
12.22.22.26.02.343,0.0,,0.0,,0.0,0.0,0.0,,0.0,,0.0,0.0,false,0.0,,0.0,,12.0,,NEUTRAL-false,NEUTRAL-false
12.22.22.26.02.469,0.0,,0.0,,0.0,0.0,0.0,,0.0,,0.0,0.0,false,0.0,,0.0,,12.0,,NEUTRAL-false,NEUTRAL-false
12.22.22.26.02.594,0.0,,0.0,,0.0,0.0,0.0,,0.0,,0.0,0.0,false,0.0,,0.0,,12.0,,NEUTRAL-false,NEUTRAL-false
12.22.22.26.02.718,0.0,,0.0,,0.0,0.0,0.0,,0.0,,0.0,0.0,false,0.0,,0.0,,12.0,,NEUTRAL-false,NEUTRAL-false
12.22.22.26.02.843,0.0,,0.0,,0.0,0.0,0.0,,0.0,,0.0,0.0,false,0.0,,0.0,,12.0,,NEUTRAL-false,NEUTRAL-false
12.22.22.26.02.967,0.0,,0.0,,0.0,0.0,0.0,,0.0,,0.0,0.0,false,0.0,,0.0,,12.0,,NEUTRAL-false,NEUTRAL-false
12.22.22.26.03.093,0.0,,0.0,,0.0,0.0,0.0,,0.0,,0.0,0.0,false,0.0,,0.0,,12.0,,NEUTRAL-false,NEUTRAL-false
12.22.22.26.03.218,0.0,,0.0,,0.0,0.0,0.0,,0.0,,0.0,0.0,false,0.0,,0.0,,12.0,,NEUTRAL-false,NEUTRAL-false
12.22.22.26.03.343,0.0,,0.0,,0.0,0.0,0.0,,0.0,,0.0,0.0,false,0.0,,0.0,,12.0,,NEUTRAL-false,NEUTRAL-false
12.22.22.26.03.467,0.0,,0.0,,0.0,0.0,0.0,,0.0,,0.0,0.0,false,0.0,,0.0,,12.0,,NEUTRAL-false,NEUTRAL-false
12.22.22.26.03.593,0.0,,0.0,,0.0,0.0,0.0,,0.0,,0.0,0.0,false,0.0,,0.0,,12.0,,NEUTRAL-false,NEUTRAL-false
12.22.22.26.03.717,0.0,,0.0,,0.0,0.0,0.0,,0.0,,0.0,0.0,false,0.0,,0.0,,12.0,,NEUTRAL-false,NEUTRAL-false
12.22.22.26.03.843,0.0,,0.0,,0.0,0.0,0.0,,0.0,,0.0,0.0,false,0.0,,0.0,,12.0,,NEUTRAL-false,NEUTRAL-false
12.22.22.26.03.968,0.0,,0.0,,0.0,0.0,0.0,,0.0,,0.0,0.0,false,0.0,,0.0,,12.0,,NEUTRAL-false,NEUTRAL-false
12.22.22.26.04.093,0.0,,0.0,,0.0,0.0,0.0,,0.0,,0.0,0.0,false,0.0,,0.0,,12.0,,NEUTRAL-false,NEUTRAL-false
12.22.22.26.04.218,0.0,,0.0,,0.0,0.0,0.0,,0.0,,0.0,0.0,false,0.0,,0.0,,12.0,,NEUTRAL-false,NEUTRAL-false
12.22.22.26.04.342,0.0,,0.0,,0.0,0.0,0.0,,0.0,,0.0,0.0,false,0.0,,0.0,,12.0,,NEUTRAL-false,NEUTRAL-false
12.22.22.26.04.468,0.0,,0.0,,0.0,0.0,0.0,,0.0,,0.0,0.0,false,0.0,,0.0,,12.0,,NEUTRAL-false,NEUTRAL-false
12.22.22.26.04.593,0.0,,0.0,,0.0,0.0,0.0,,0.0,,0.0,0.0,false,0.0,,0.0,,12.0,,NEUTRAL-false,NEUTRAL-false
12.22.22.26.04.717,0.0,,0.0,,0.0,0.0,0.0,,0.0,,0.0,0.0,false,0.0,,0.0,,12.0,,NEUTRAL-false,NEUTRAL-false
12.22.22.26.04.843,0.0,,0.0,,0.0,0.0,0.0,,0.0,,0.0,0.0,false,0.0,,0.0,,12.0,,NEUTRAL-false,NEUTRAL-false
12.22.22.26.04.967,0.0,,0.0,,0.0,0.0,0.0,,0.0,,0.0,0.0,false,0.0,,0.0,,12.0,,NEUTRAL-false,NEUTRAL-false
12.22.22.26.05.093,0.0,,0.0,,0.0,0.0,0.0,,0.0,,0.0,0.0,false,0.0,,0.0,,12.0,,NEUTRAL-false,NEUTRAL-false
12.22.22.26.05.217,0.0,,0.0,,0.0,0.0,0.0,,0.0,,0.0,0.0,false,0.0,,0.0,,12.0,,NEUTRAL-false,NEUTRAL-false
12.22.22.26.05.343,0.0,,0.0,,0.0,0.0,0.0,,0.0,,0.0,0.0,false,0.0,,0.0,,12.0,,NEUTRAL-false,NEUTRAL-false
12.22.22.26.05.468,0.0,,0.0,,0.0,0.0,0.0,,0.0,,0.0,0.0,false,0.0,,0.0,,12.0,,NEUTRAL-false,NEUTRAL-false
12.22.22.26.05.593,0.0,,0.0,,0.0,0.0,0.0,,0.0,,0.0,0.0,false,0.0,,0.0,,12.0,,NEUTRAL-false,NEUTRAL-false
12.22.22.26.05.718,0.0,,0.0,,0.0,0.0,0.0,,0.0,,0.0,0.0,false,0.0,,0.0,,12.0,,NEUTRAL-false,NEUTRAL-false
12.22.22.26.05.842,0.0,,0.0,,0.0,0.0,0.0,,0.0,,0.0,0.0,false,0.0,,0.0,,12.0,,NEUTRAL-false,NEUTRAL-false
12.22.22.26.05.968,0.0,,0.0,,0.0,0.0,0.0,,0.0,,0.0,0.0,false,0.0,,0.0,,12.0,,NEUTRAL-false,NEUTRAL-false
12.22.22.26.06.093,0.0,,0.0,,0.0,0.0,0.0,,0.0,,0.0,0.0,false,0.0,,0.0,,12.0,,NEUTRAL-false,NEUTRAL-false
12.22.22.26.06.217,0.0,,0.0,,0.0,0.0,0.0,,0.0,,0.0,0.0,false,0.0,,0.0,,12.0,,NEUTRAL-false,NEUTRAL-false
12.22.22.26.06.343,0.0,,0.0,,0.0,0.0,0.0,,0.0,,0.0,0.0,false,0.0,,0.0,,12.0,,NEUTRAL-false,NEUTRAL-false
12.22.22.26.06.468,0.0,,0.0,,0.0,0.0,0.0,,0.0,,0.0,0.0,false,0.0,,0.0,,12.0,,NEUTRAL-false,NEUTRAL-false
12.22.22.26.06.593,0.0,,0.0,,0.0,0.0,0.0,,0.0,,0.0,0.0,false,0.0,,0.0,,12.0,,NEUTRAL-false,NEUTRAL-false
12.22.22.26.06.718,0.0,,0.0,,0.0,0.0,0.0,,0.0,,0.0,0.0,false,0.0,,0.0,,12.0,,NEUTRAL-false,NEUTRAL-false
12.22.22.26.06.842,0.0,,0.0,,0.0,0.0,0.0,,0.0,,0.0,0.0,false,0.0,,0.0,,12.0,,NEUTRAL-false,NEUTRAL-false
12.22.22.26.06.967,0.0,,0.0,,0.0,0.0,0.0,,0.0,,0.0,0.0,false,0.0,,0.0,,12.0,,NEUTRAL-false,NEUTRAL-false
12.22.22.26.07.093,0.0,,0.0,,0.0,0.0,0.0,,0.0,,0.0,0.0,false,0.0,,0.0,,12.0,,NEUTRAL-false,NEUTRAL-false
12.22.22.26.07.218,0.0,,0.0,,0.0,0.0,0.0,,0.0,,0.0,0.0,false,0.0,,0.0,,12.0,,NEUTRAL-false,NEUTRAL-false
12.22.22.26.07.342,0.0,,0.0,,0.0,0.0,0.0,,0.0,,0.0,0.0,false,0.0,,0.0,,12.0,,NEUTRAL-false,NEUTRAL-false
12.22.22.26.07.468,0.0,,0.0,,0.0,0.0,0.0,,0.0,,0.0,0.0,false,0.0,,0.0,,12.0,,NEUTRAL-false,NEUTRAL-false
12.22.22.26.07.593,0.0,,0.0,,0.0,0.0,0.0,,0.0,,0.0,0.0,false,0.0,,0.0,,12.0,,NEUTRAL-false,NEUTRAL-false
12.22.22.26.07.718,0.0,,0.0,,0.0,0.0,0.0,,0.0,,0.0,0.0,false,0.0,,0.0,,12.0,,NEUTRAL-false,NEUTRAL-false
12.22.22.26.07.843,0.0,,0.0,,0.0,0.0,0.0,,0.0,,0.0,0.0,false,0.0,,0.0,,12.0,,NEUTRAL-false,NEUTRAL-false
12.22.22.26.07.968,0.0,,0.0,,0.0,0.0,0.0,,0.0,,0.0,0.0,false,0.0,,0.0,,12.0,,NEUTRAL-false,NEUTRAL-false
12.22.22.26.08.093,0.0,,0.0,,0.0,0.0,0.0,,0.0,,0.0,0.0,false,0.0,,0.0,,12.0,,NEUTRAL-false,NEUTRAL-false
12.22.22.26.08.217,0.0,,0.0,,0.0,0.0,0.0,,0.0,,0.0,0.0,false,0.0,,0.0,,12.0,,NEUTRAL-false,NEUTRAL-false
12.22.22.26.08.343,0.0,,0.0,,0.0,0.0,0.0,,0.0,,0.0,0.0,false,0.0,,0.0,,12.0,,NEUTRAL-false,NEUTRAL-false
12.22.22.26.08.467,0.0,,0.0,,0.0,0.0,0.0,,0.0,,0.0,0.0,false,0.0,,0.0,,12.0,,NEUTRAL-false,NEUTRAL-false
12.22.22.26.08.593,0.0,,0.0,,0.0,0.0,0.0,,0.0,,0.0,0.0,false,0.0,,0.0,,12.0,,NEUTRAL-false,NEUTRAL-false
12.22.22.26.08.717,0.0,,0.0,,0.0,0.0,0.0,,0.0,,0.0,0.0,false,0.0,,0.0,,12.0,,NEUTRAL-false,NEUTRAL-false
12.22.22.26.08.843,0.0,,0.0,,0.0,0.0,0.0,,0.0,,0.0,0.0,false,0.0,,0.0,,12.0,,NEUTRAL-false,NEUTRAL-false
12.22.22.26.08.967,0.0,,0.0,,0.0,0.0,0.0,,0.0,,0.0,0.0,false,0.0,,0.0,,12.0,,NEUTRAL-false,NEUTRAL-false
12.22.22.26.09.093,0.0,,0.0,,0.0,0.0,0.0,,0.0,,0.0,0.0,false,0.0,,0.0,,12.0,,NEUTRAL-false,NEUTRAL-false
12.22.22.26.09.218,0.0,,0.0,,0.0,0.0,0.0,,0.0,,0.0,0.0,false,0.0,,0.0,,12.0,,NEUTRAL-false,NEUTRAL-false
12.22.22.26.09.343,0.0,,0.0,,0.0,0.0,0.0,,0.0,,0.0,0.0,false,0.0,,0.0,,12.0,,NEUTRAL-false,NEUTRAL-false
12.22.22.26.09.467,0.0,,0.0,,0.0,0.0,0.0,,0.0,,0.0,0.0,false,0.0,,0.0,,12.0,,NEUTRAL-false,NEUTRAL-false
12.22.22.26.09.593,0.0,,0.0,,0.0,0.0,0.0,,0.0,,0.0,0.0,false,0.0,,0.0,,12.0,,NEUTRAL-false,NEUTRAL-false
12.22.22.26.09.718,0.0,,0.0,,0.0,0.0,0.0,,0.0,,0.0,0.0,false,0.0,,0.0,,12.0,,NEUTRAL-false,NEUTRAL-false
12.22.22.26.09.843,0.0,,0.0,,0.0,0.0,0.0,,0.0,,0.0,0.0,false,0.0,,0.0,,12.0,,NEUTRAL-false,NEUTRAL-false
12.22.22.26.09.967,0.0,,0.0,,0.0,0.0,0.0,,0.0,,0.0,0.0,false,0.0,,0.0,,12.0,,NEUTRAL-false,NEUTRAL-false
12.22.22.26.10.092,0.0,,0.0,,0.0,0.0,0.0,,0.0,,0.0,0.0,false,0.0,,0.0,,12.0,,NEUTRAL-false,NEUTRAL-false
12.22.22.26.10.218,0.0,,0.0,,0.0,0.0,0.0,,0.0,,0.0,0.0,false,0.0,,0.0,,12.0,,NEUTRAL-false,NEUTRAL-false
12.22.22.26.10.343,0.0,,0.0,,0.0,0.0,0.0,,0.0,,0.0,0.0,false,0.0,,0.0,,12.0,,NEUTRAL-false,NEUTRAL-false
12.22.22.26.10.468,0.0,,0.0,,0.0,0.0,0.0,,0.0,,0.0,0.0,false,0.0,,0.0,,12.0,,NEUTRAL-false,NEUTRAL-false
12.22.22.26.10.592,0.0,,0.0,,0.0,0.0,0.0,,0.0,,0.0,0.0,false,0.0,,0.0,,12.0,,NEUTRAL-false,NEUTRAL-false
12.22.22.26.10.718,0.0,,0.0,,0.0,0.0,0.0,,0.0,,0.0,0.0,false,0.0,,0.0,,12.0,,NEUTRAL-false,NEUTRAL-false
12.22.22.26.10.842,0.0,,0.0,,0.0,0.0,0.0,,0.0,,0.0,0.0,false,0.0,,0.0,,12.0,,NEUTRAL-false,NEUTRAL-false
12.22.22.26.10.968,0.0,,0.0,,0.0,0.0,0.0,,0.0,,0.0,0.0,false,0.0,,0.0,,12.0,,NEUTRAL-false,NEUTRAL-false
12.22.22.26.11.092,0.0,,0.0,,0.0,0.0,0.0,,0.0,,0.0,0.0,false,0.0,,0.0,,12.0,,NEUTRAL-false,NEUTRAL-false
12.22.22.26.11.217,0.0,,0.0,,0.0,0.0,0.0,,0.0,,0.0,0.0,false,0.0,,0.0,,12.0,,NEUTRAL-false,NEUTRAL-false
12.22.22.26.11.343,0.0,,0.0,,0.0,0.0,0.0,,0.0,,0.0,0.0,false,0.0,,0.0,,12.0,,NEUTRAL-false,NEUTRAL-false
12.22.22.26.11.468,0.0,,0.0,,0.0,0.0,0.0,,0.0,,0.0,0.0,false,0.0,,0.0,,12.0,,NEUTRAL-false,NEUTRAL-false
12.22.22.26.11.593,0.0,,0.0,,0.0,0.0,0.0,,0.0,,0.0,0.0,false,0.0,,0.0,,12.0,,NEUTRAL-false,NEUTRAL-false
12.22.22.26.11.717,0.0,,0.0,,0.0,0.0,0.0,,0.0,,0.0,0.0,false,0.0,,0.0,,12.0,,NEUTRAL-false,NEUTRAL-false
12.22.22.26.11.843,0.0,,0.0,,0.0,0.0,0.0,,0.0,,0.0,0.0,false,0.0,,0.0,,12.0,,NEUTRAL-false,NEUTRAL-false
12.22.22.26.11.967,0.0,,0.0,,0.0,0.0,0.0,,0.0,,0.0,0.0,false,0.0,,0.0,,12.0,,NEUTRAL-false,NEUTRAL-false
12.22.22.26.12.093,0.0,,0.0,,0.0,0.0,0.0,,0.0,,0.0,0.0,false,0.0,,0.0,,12.0,,NEUTRAL-false,NEUTRAL-false
12.22.22.26.12.218,0.0,,0.0,,0.0,0.0,0.0,,0.0,,0.0,0.0,false,0.0,,0.0,,12.0,,NEUTRAL-false,NEUTRAL-false
12.22.22.26.12.342,0.0,,0.0,,0.0,0.0,0.0,,0.0,,0.0,0.0,false,0.0,,0.0,,12.0,,NEUTRAL-false,NEUTRAL-false
12.22.22.26.12.468,0.0,,0.0,,0.0,0.0,0.0,,0.0,,0.0,0.0,false,0.0,,0.0,,12.0,,NEUTRAL-false,NEUTRAL-false
12.22.22.26.12.593,0.0,,0.0,,0.0,0.0,0.0,,0.0,,0.0,0.0,false,0.0,,0.0,,12.0,,NEUTRAL-false,NEUTRAL-false
12.22.22.26.12.717,0.0,,0.0,,0.0,0.0,0.0,,0.0,,0.0,0.0,false,0.0,,0.0,,12.0,,NEUTRAL-false,NEUTRAL-false
12.22.22.26.12.843,0.0,,0.0,,0.0,0.0,0.0,,0.0,,0.0,0.0,false,0.0,,0.0,,12.0,,NEUTRAL-false,NEUTRAL-false
12.22.22.26.12.968,0.0,,0.0,,0.0,0.0,0.0,,0.0,,0.0,0.0,false,0.0,,0.0,,12.0,,NEUTRAL-false,NEUTRAL-false
12.22.22.26.13.093,0.0,,0.0,,0.0,0.0,0.0,,0.0,,0.0,0.0,false,0.0,,0.0,,12.0,,NEUTRAL-false,NEUTRAL-false
12.22.22.26.13.217,0.0,,0.0,,0.0,0.0,0.0,,0.0,,0.0,0.0,false,0.0,,0.0,,12.0,,NEUTRAL-false,NEUTRAL-false
12.22.22.26.13.343,0.0,,0.0,,0.0,0.0,0.0,,0.0,,0.0,0.0,false,0.0,,0.0,,12.0,,NEUTRAL-false,NEUTRAL-false
12.22.22.26.13.468,0.0,,0.0,,0.0,0.0,0.0,,0.0,,0.0,0.0,false,0.0,,0.0,,12.0,,NEUTRAL-false,NEUTRAL-false
12.22.22.26.13.593,0.0,,0.0,,0.0,0.0,0.0,,0.0,,0.0,0.0,false,0.0,,0.0,,12.0,,NEUTRAL-false,NEUTRAL-false
12.22.22.26.13.717,0.0,,0.0,,0.0,0.0,0.0,,0.0,,0.0,0.0,false,0.0,,0.0,,12.0,,NEUTRAL-false,NEUTRAL-false
12.22.22.26.13.843,0.0,,0.0,,0.0,0.0,0.0,,0.0,,0.0,0.0,false,0.0,,0.0,,12.0,,NEUTRAL-false,NEUTRAL-false
12.22.22.26.13.967,0.0,,0.0,,0.0,0.0,0.0,,0.0,,0.0,0.0,false,0.0,,0.0,,12.0,,NEUTRAL-false,NEUTRAL-false
12.22.22.26.14.093,0.0,,0.0,,0.0,0.0,0.0,,0.0,,0.0,0.0,false,0.0,,0.0,,12.0,,NEUTRAL-false,NEUTRAL-false
12.22.22.26.14.217,0.0,,0.0,,0.0,0.0,0.0,,0.0,,0.0,0.0,false,0.0,,0.0,,12.0,,NEUTRAL-false,NEUTRAL-false
12.22.22.26.14.342,0.0,,0.0,,0.0,0.0,0.0,,0.0,,0.0,0.0,false,0.0,,0.0,,12.0,,NEUTRAL-false,NEUTRAL-false
12.22.22.26.14.467,0.0,,0.0,,0.0,0.0,0.0,,0.0,,0.0,0.0,false,0.0,,0.0,,12.0,,NEUTRAL-false,NEUTRAL-false
12.22.22.26.14.592,0.0,,0.0,,0.0,0.0,0.0,,0.0,,0.0,0.0,false,0.0,,0.0,,12.0,,NEUTRAL-false,NEUTRAL-false
12.22.22.26.14.718,0.0,,0.0,,0.0,0.0,0.0,,0.0,,0.0,0.0,false,0.0,,0.0,,12.0,,NEUTRAL-false,NEUTRAL-false
12.22.22.26.14.842,0.0,,0.0,,0.0,0.0,0.0,,0.0,,0.0,0.0,false,0.0,,0.0,,12.0,,NEUTRAL-false,NEUTRAL-false
12.22.22.26.14.968,0.0,,0.0,,0.0,0.0,0.0,,0.0,,0.0,0.0,false,0.0,,0.0,,12.0,,NEUTRAL-false,NEUTRAL-false
12.22.22.26.15.093,0.0,,0.0,,0.0,0.0,0.0,,0.0,,0.0,0.0,false,0.0,,0.0,,12.0,,NEUTRAL-false,NEUTRAL-false
12.22.22.26.15.218,0.0,,0.0,,0.0,0.0,0.0,,0.0,,0.0,0.0,false,0.0,,0.0,,12.0,,NEUTRAL-false,NEUTRAL-false
12.22.22.26.15.343,0.0,,0.0,,0.0,0.0,0.0,,0.0,,0.0,0.0,false,0.0,,0.0,,12.0,,NEUTRAL-false,NEUTRAL-false
12.22.22.26.15.467,0.0,,0.0,,0.0,0.0,0.0,,0.0,,0.0,0.0,false,0.0,,0.0,,12.0,,NEUTRAL-false,NEUTRAL-false
12.22.22.26.15.593,0.0,,0.0,,0.0,0.0,0.0,,0.0,,0.0,0.0,false,0.0,,0.0,,12.0,,NEUTRAL-false,NEUTRAL-false
12.22.22.26.15.717,0.0,,0.0,,0.0,0.0,0.0,,0.0,,0.0,0.0,false,0.0,,0.0,,12.0,,NEUTRAL-false,NEUTRAL-false
12.22.22.26.15.842,0.0,,0.0,,0.0,0.0,0.0,,0.0,,0.0,0.0,false,0.0,,0.0,,12.0,,NEUTRAL-false,NEUTRAL-false
12.22.22.26.15.968,0.0,,0.0,,0.0,0.0,0.0,,0.0,,0.0,0.0,false,0.0,,0.0,,12.0,,NEUTRAL-false,NEUTRAL-false
12.22.22.26.16.093,0.0,,0.0,,0.0,0.0,0.0,,0.0,,0.0,0.0,false,0.0,,0.0,,12.0,,NEUTRAL-false,NEUTRAL-false
12.22.22.26.16.218,0.0,,0.0,,0.0,0.0,0.0,,0.0,,0.0,0.0,false,0.0,,0.0,,12.0,,NEUTRAL-false,NEUTRAL-false
12.22.22.26.16.343,0.0,,0.0,,0.0,0.0,0.0,,0.0,,0.0,0.0,false,0.0,,0.0,,12.0,,NEUTRAL-false,NEUTRAL-false
12.22.22.26.16.468,0.0,,0.0,,0.0,0.0,0.0,,0.0,,0.0,0.0,false,0.0,,0.0,,12.0,,NEUTRAL-false,NEUTRAL-false
12.22.22.26.16.593,0.0,,0.0,,0.0,0.0,0.0,,0.0,,0.0,0.0,false,0.0,,0.0,,12.0,,NEUTRAL-false,NEUTRAL-false
12.22.22.26.16.718,0.0,,0.0,,0.0,0.0,0.0,,0.0,,0.0,0.0,false,0.0,,0.0,,12.0,,NEUTRAL-false,NEUTRAL-false
12.22.22.26.16.843,0.0,,0.0,,0.0,0.0,0.0,,0.0,,0.0,0.0,false,0.0,,0.0,,12.0,,NEUTRAL-false,NEUTRAL-false
12.22.22.26.16.969,0.0,,0.0,,0.0,0.0,0.0,,0.0,,0.0,0.0,false,0.0,,0.0,,12.0,,NEUTRAL-false,NEUTRAL-false
12.22.22.26.17.093,0.0,,0.0,,0.0,0.0,0.0,,0.0,,0.0,0.0,false,0.0,,0.0,,12.0,,NEUTRAL-false,NEUTRAL-false
12.22.22.26.17.218,0.0,,0.0,,0.0,0.0,0.0,,0.0,,0.0,0.0,false,0.0,,0.0,,12.0,,NEUTRAL-false,NEUTRAL-false
12.22.22.26.17.343,0.0,,0.0,,0.0,0.0,0.0,,0.0,,0.0,0.0,false,0.0,,0.0,,12.0,,NEUTRAL-false,NEUTRAL-false
12.22.22.26.17.468,0.0,,0.0,,0.0,0.0,0.0,,0.0,,0.0,0.0,false,0.0,,0.0,,12.0,,NEUTRAL-false,NEUTRAL-false
12.22.22.26.17.593,0.0,,0.0,,0.0,0.0,0.0,,0.0,,0.0,0.0,false,0.0,,0.0,,12.0,,NEUTRAL-false,NEUTRAL-false
12.22.22.26.17.718,0.0,,0.0,,0.0,0.0,0.0,,0.0,,0.0,0.0,false,0.0,,0.0,,12.0,,NEUTRAL-false,NEUTRAL-false
12.22.22.26.17.843,0.0,,0.0,,0.0,0.0,0.0,,0.0,,0.0,0.0,false,0.0,,0.0,,12.0,,NEUTRAL-false,NEUTRAL-false
12.22.22.26.17.967,0.0,,0.0,,0.0,0.0,0.0,,0.0,,0.0,0.0,false,0.0,,0.0,,12.0,,NEUTRAL-false,NEUTRAL-false
12.22.22.26.18.092,0.0,,0.0,,0.0,0.0,0.0,,0.0,,0.0,0.0,false,0.0,,0.0,,12.0,,NEUTRAL-false,NEUTRAL-false
12.22.22.26.18.218,0.0,,0.0,,0.0,0.0,0.0,,0.0,,0.0,0.0,false,0.0,,0.0,,12.0,,NEUTRAL-false,NEUTRAL-false
12.22.22.26.18.343,0.0,,0.0,,0.0,0.0,0.0,,0.0,,0.0,0.0,false,0.0,,0.0,,12.0,,NEUTRAL-false,NEUTRAL-false
12.22.22.26.18.468,0.0,,0.0,,0.0,0.0,0.0,,0.0,,0.0,0.0,false,0.0,,0.0,,12.0,,NEUTRAL-false,NEUTRAL-false
12.22.22.26.18.593,0.0,,0.0,,0.0,0.0,0.0,,0.0,,0.0,0.0,false,0.0,,0.0,,12.0,,NEUTRAL-false,NEUTRAL-false
12.22.22.26.18.717,0.0,,0.0,,0.0,0.0,0.0,,0.0,,0.0,0.0,false,0.0,,0.0,,12.0,,NEUTRAL-false,NEUTRAL-false
12.22.22.26.18.843,0.0,,0.0,,0.0,0.0,0.0,,0.0,,0.0,0.0,false,0.0,,0.0,,12.0,,NEUTRAL-false,NEUTRAL-false
12.22.22.26.18.967,0.0,,0.0,,0.0,0.0,0.0,,0.0,,0.0,0.0,false,0.0,,0.0,,12.0,,NEUTRAL-false,NEUTRAL-false
12.22.22.26.19.093,0.0,,0.0,,0.0,0.0,0.0,,0.0,,0.0,0.0,false,0.0,,0.0,,12.0,,NEUTRAL-false,NEUTRAL-false
12.22.22.26.19.218,0.0,,0.0,,0.0,0.0,0.0,,0.0,,0.0,0.0,false,0.0,,0.0,,12.0,,NEUTRAL-false,NEUTRAL-false
12.22.22.26.19.343,0.0,,0.0,,0.0,0.0,0.0,,0.0,,0.0,0.0,false,0.0,,0.0,,12.0,,NEUTRAL-false,NEUTRAL-false
12.22.22.26.19.468,0.0,,0.0,,0.0,0.0,0.0,,0.0,,0.0,0.0,false,0.0,,0.0,,12.0,,NEUTRAL-false,NEUTRAL-false
12.22.22.26.19.593,0.0,,0.0,,0.0,0.0,0.0,,0.0,,0.0,0.0,false,0.0,,0.0,,12.0,,NEUTRAL-false,NEUTRAL-false
12.22.22.26.19.718,0.0,,0.0,,0.0,0.0,0.0,,0.0,,0.0,0.0,false,0.0,,0.0,,12.0,,NEUTRAL-false,NEUTRAL-false
12.22.22.26.19.843,0.0,,0.0,,0.0,0.0,0.0,,0.0,,0.0,0.0,false,0.0,,0.0,,12.0,,NEUTRAL-false,NEUTRAL-false
12.22.22.26.19.968,0.0,,0.0,,0.0,0.0,0.0,,0.0,,0.0,0.0,false,0.0,,0.0,,12.0,,NEUTRAL-false,NEUTRAL-false
12.22.22.26.20.092,0.0,,0.0,,0.0,0.0,0.0,,0.0,,0.0,0.0,false,0.0,,0.0,,12.0,,NEUTRAL-false,NEUTRAL-false
12.22.22.26.20.218,0.0,,0.0,,0.0,0.0,0.0,,0.0,,0.0,0.0,false,0.0,,0.0,,12.0,,NEUTRAL-false,NEUTRAL-false
12.22.22.26.20.342,0.0,,0.0,,0.0,0.0,0.0,,0.0,,0.0,0.0,false,0.0,,0.0,,12.0,,NEUTRAL-false,NEUTRAL-false
12.22.22.26.20.468,0.0,,0.0,,0.0,0.0,0.0,,0.0,,0.0,0.0,false,0.0,,0.0,,12.0,,NEUTRAL-false,NEUTRAL-false
12.22.22.26.20.592,0.0,,0.0,,0.0,0.0,0.0,,0.0,,0.0,0.0,false,0.0,,0.0,,12.0,,NEUTRAL-false,NEUTRAL-false
12.22.22.26.20.718,0.0,,0.0,,0.0,0.0,0.0,,0.0,,0.0,0.0,false,0.0,,0.0,,12.0,,NEUTRAL-false,NEUTRAL-false
12.22.22.26.20.842,0.0,,0.0,,0.0,0.0,0.0,,0.0,,0.0,0.0,false,0.0,,0.0,,12.0,,NEUTRAL-false,NEUTRAL-false
12.22.22.26.20.968,0.0,,0.0,,0.0,0.0,0.0,,0.0,,0.0,0.0,false,0.0,,0.0,,12.0,,NEUTRAL-false,NEUTRAL-false
12.22.22.26.21.093,0.0,,0.0,,0.0,0.0,0.0,,0.0,,0.0,0.0,false,0.0,,0.0,,12.0,,NEUTRAL-false,NEUTRAL-false
12.22.22.26.21.218,0.0,,0.0,,0.0,0.0,0.0,,0.0,,0.0,0.0,false,0.0,,0.0,,12.0,,NEUTRAL-false,NEUTRAL-false
12.22.22.26.21.343,0.0,,0.0,,0.0,0.0,0.0,,0.0,,0.0,0.0,false,0.0,,0.0,,12.0,,NEUTRAL-false,NEUTRAL-false
12.22.22.26.21.467,0.0,,0.0,,0.0,0.0,0.0,,0.0,,0.0,0.0,false,0.0,,0.0,,12.0,,NEUTRAL-false,NEUTRAL-false
12.22.22.26.21.593,0.0,,0.0,,0.0,0.0,0.0,,0.0,,0.0,0.0,false,0.0,,0.0,,12.0,,NEUTRAL-false,NEUTRAL-false
12.22.22.26.21.718,0.0,,0.0,,0.0,0.0,0.0,,0.0,,0.0,0.0,false,0.0,,0.0,,12.0,,NEUTRAL-false,NEUTRAL-false
12.22.22.26.21.842,0.0,,0.0,,0.0,0.0,0.0,,0.0,,0.0,0.0,false,0.0,,0.0,,12.0,,NEUTRAL-false,NEUTRAL-false
12.22.22.26.21.968,0.0,,0.0,,0.0,0.0,0.0,,0.0,,0.0,0.0,false,0.0,,0.0,,12.0,,NEUTRAL-false,NEUTRAL-false
12.22.22.26.22.093,0.0,,0.0,,0.0,0.0,0.0,,0.0,,0.0,0.0,false,0.0,,0.0,,12.0,,NEUTRAL-false,NEUTRAL-false
12.22.22.26.22.217,0.0,,0.0,,0.0,0.0,0.0,,0.0,,0.0,0.0,false,0.0,,0.0,,12.0,,NEUTRAL-false,NEUTRAL-false
12.22.22.26.22.343,0.0,,0.0,,0.0,0.0,0.0,,0.0,,0.0,0.0,false,0.0,,0.0,,12.0,,NEUTRAL-false,NEUTRAL-false
12.22.22.26.22.468,0.0,,0.0,,0.0,0.0,0.0,,0.0,,0.0,0.0,false,0.0,,0.0,,12.0,,NEUTRAL-false,NEUTRAL-false
12.22.22.26.22.593,0.0,,0.0,,0.0,0.0,0.0,,0.0,,0.0,0.0,false,0.0,,0.0,,12.0,,NEUTRAL-false,NEUTRAL-false
12.22.22.26.22.718,0.0,,0.0,,0.0,0.0,0.0,,0.0,,0.0,0.0,false,0.0,,0.0,,12.0,,NEUTRAL-false,NEUTRAL-false
12.22.22.26.22.843,0.0,,0.0,,0.0,0.0,0.0,,0.0,,0.0,0.0,false,0.0,,0.0,,12.0,,NEUTRAL-false,NEUTRAL-false
12.22.22.26.22.969,0.0,,0.0,,0.0,0.0,0.0,,0.0,,0.0,0.0,false,0.0,,0.0,,12.0,,NEUTRAL-false,NEUTRAL-false
12.22.22.26.23.092,0.0,,0.0,,0.0,0.0,0.0,,0.0,,0.0,0.0,false,0.0,,0.0,,12.0,,NEUTRAL-false,NEUTRAL-false
12.22.22.26.23.218,0.0,,0.0,,0.0,0.0,0.0,,0.0,,0.0,0.0,false,0.0,,0.0,,12.0,,NEUTRAL-false,NEUTRAL-false
12.22.22.26.23.343,0.0,,0.0,,0.0,0.0,0.0,,0.0,,0.0,0.0,false,0.0,,0.0,,12.0,,NEUTRAL-false,NEUTRAL-false
12.22.22.26.23.468,0.0,,0.0,,0.0,0.0,0.0,,0.0,,0.0,0.0,false,0.0,,0.0,,12.0,,NEUTRAL-false,NEUTRAL-false
12.22.22.26.23.593,0.0,,0.0,,0.0,0.0,0.0,,0.0,,0.0,0.0,false,0.0,,0.0,,12.0,,NEUTRAL-false,NEUTRAL-false
12.22.22.26.23.719,0.0,,0.0,,0.0,0.0,0.0,,0.0,,0.0,0.0,false,0.0,,0.0,,12.0,,NEUTRAL-false,NEUTRAL-false
12.22.22.26.23.844,0.0,,0.0,,0.0,0.0,0.0,,0.0,,0.0,0.0,false,0.0,,0.0,,12.0,,NEUTRAL-false,NEUTRAL-false
12.22.22.26.23.968,0.0,,0.0,,0.0,0.0,0.0,,0.0,,0.0,0.0,false,0.0,,0.0,,12.0,,NEUTRAL-false,NEUTRAL-false
12.22.22.26.24.092,0.0,,0.0,,0.0,0.0,0.0,,0.0,,0.0,0.0,false,0.0,,0.0,,12.0,,NEUTRAL-false,NEUTRAL-false
12.22.22.26.24.218,0.0,,0.0,,0.0,0.0,0.0,,0.0,,0.0,0.0,false,0.0,,0.0,,12.0,,NEUTRAL-false,NEUTRAL-false
12.22.22.26.24.343,0.0,,0.0,,0.0,0.0,0.0,,0.0,,0.0,0.0,false,0.0,,0.0,,12.0,,NEUTRAL-false,NEUTRAL-false
12.22.22.26.24.468,0.0,,0.0,,0.0,0.0,0.0,,0.0,,0.0,0.0,false,0.0,,0.0,,12.0,,NEUTRAL-false,NEUTRAL-false
12.22.22.26.24.593,0.0,,0.0,,0.0,0.0,0.0,,0.0,,0.0,0.0,false,0.0,,0.0,,12.0,,NEUTRAL-false,NEUTRAL-false
12.22.22.26.24.718,0.0,,0.0,,0.0,0.0,0.0,,0.0,,0.0,0.0,false,0.0,,0.0,,12.0,,NEUTRAL-false,NEUTRAL-false
12.22.22.26.24.843,0.0,,0.0,,0.0,0.0,0.0,,0.0,,0.0,0.0,false,0.0,,0.0,,12.0,,NEUTRAL-false,NEUTRAL-false
12.22.22.26.24.968,0.0,,0.0,,0.0,0.0,0.0,,0.0,,0.0,0.0,false,0.0,,0.0,,12.0,,NEUTRAL-false,NEUTRAL-false
12.22.22.26.25.093,0.0,,0.0,,0.0,0.0,0.0,,0.0,,0.0,0.0,false,0.0,,0.0,,12.0,,NEUTRAL-false,NEUTRAL-false
12.22.22.26.25.217,0.0,,0.0,,0.0,0.0,0.0,,0.0,,0.0,0.0,false,0.0,,0.0,,12.0,,NEUTRAL-false,NEUTRAL-false
12.22.22.26.25.343,0.0,,0.0,,0.0,0.0,0.0,,0.0,,0.0,0.0,false,0.0,,0.0,,12.0,,NEUTRAL-false,NEUTRAL-false
12.22.22.26.25.468,0.0,,0.0,,0.0,0.0,0.0,,0.0,,0.0,0.0,false,0.0,,0.0,,12.0,,NEUTRAL-false,NEUTRAL-false
12.22.22.26.25.592,0.0,,0.0,,0.0,0.0,0.0,,0.0,,0.0,0.0,false,0.0,,0.0,,12.0,,NEUTRAL-false,NEUTRAL-false
12.22.22.26.25.718,0.0,,0.0,,0.0,0.0,0.0,,0.0,,0.0,0.0,false,0.0,,0.0,,12.0,,NEUTRAL-false,NEUTRAL-false
12.22.22.26.25.843,0.0,,0.0,,0.0,0.0,0.0,,0.0,,0.0,0.0,false,0.0,,0.0,,12.0,,NEUTRAL-false,NEUTRAL-false
12.22.22.26.25.967,0.0,,0.0,,0.0,0.0,0.0,,0.0,,0.0,0.0,false,0.0,,0.0,,12.0,,NEUTRAL-false,NEUTRAL-false
12.22.22.26.26.093,0.0,,0.0,,0.0,0.0,0.0,,0.0,,0.0,0.0,false,0.0,,0.0,,12.0,,NEUTRAL-false,NEUTRAL-false
12.22.22.26.26.218,0.0,,0.0,,0.0,0.0,0.0,,0.0,,0.0,0.0,false,0.0,,0.0,,12.0,,NEUTRAL-false,NEUTRAL-false
12.22.22.26.26.342,0.0,,0.0,,0.0,0.0,0.0,,0.0,,0.0,0.0,false,0.0,,0.0,,12.0,,NEUTRAL-false,NEUTRAL-false
12.22.22.26.26.468,0.0,,0.0,,0.0,0.0,0.0,,0.0,,0.0,0.0,false,0.0,,0.0,,12.0,,NEUTRAL-false,NEUTRAL-false
12.22.22.26.26.593,0.0,,0.0,,0.0,0.0,0.0,,0.0,,0.0,0.0,false,0.0,,0.0,,12.0,,NEUTRAL-false,NEUTRAL-false
12.22.22.26.26.717,0.0,,0.0,,0.0,0.0,0.0,,0.0,,0.0,0.0,false,0.0,,0.0,,12.0,,NEUTRAL-false,NEUTRAL-false
12.22.22.26.26.843,0.0,,0.0,,0.0,0.0,0.0,,0.0,,0.0,0.0,false,0.0,,0.0,,12.0,,NEUTRAL-false,NEUTRAL-false
12.22.22.26.26.969,0.0,,0.0,,0.0,0.0,0.0,,0.0,,0.0,0.0,false,0.0,,0.0,,12.0,,NEUTRAL-false,NEUTRAL-false
12.22.22.26.27.093,0.0,,0.0,,0.0,0.0,0.0,,0.0,,0.0,0.0,false,0.0,,0.0,,12.0,,NEUTRAL-false,NEUTRAL-false
12.22.22.26.27.218,0.0,,0.0,,0.0,0.0,0.0,,0.0,,0.0,0.0,false,0.0,,0.0,,12.0,,NEUTRAL-false,NEUTRAL-false
12.22.22.26.27.343,0.0,,0.0,,0.0,0.0,0.0,,0.0,,0.0,0.0,false,0.0,,0.0,,12.0,,NEUTRAL-false,NEUTRAL-false
12.22.22.26.27.468,0.0,,0.0,,0.0,0.0,0.0,,0.0,,0.0,0.0,false,0.0,,0.0,,12.0,,NEUTRAL-false,NEUTRAL-false
12.22.22.26.27.593,0.0,,0.0,,0.0,0.0,0.0,,0.0,,0.0,0.0,false,0.0,,0.0,,12.0,,NEUTRAL-false,NEUTRAL-false
12.22.22.26.27.718,0.0,,0.0,,0.0,0.0,0.0,,0.0,,0.0,0.0,false,0.0,,0.0,,12.0,,NEUTRAL-false,NEUTRAL-false
12.22.22.26.27.843,0.0,,0.0,,0.0,0.0,0.0,,0.0,,0.0,0.0,false,0.0,,0.0,,12.0,,NEUTRAL-false,NEUTRAL-false
12.22.22.26.27.968,0.0,,0.0,,0.0,0.0,0.0,,0.0,,0.0,0.0,false,0.0,,0.0,,12.0,,NEUTRAL-false,NEUTRAL-false
12.22.22.26.28.093,0.0,,0.0,,0.0,0.0,0.0,,0.0,,0.0,0.0,false,0.0,,0.0,,12.0,,NEUTRAL-false,NEUTRAL-false
12.22.22.26.28.218,0.0,,0.0,,0.0,0.0,0.0,,0.0,,0.0,0.0,false,0.0,,0.0,,12.0,,NEUTRAL-false,NEUTRAL-false
12.22.22.26.28.343,0.0,,0.0,,0.0,0.0,0.0,,0.0,,0.0,0.0,false,0.0,,0.0,,12.0,,NEUTRAL-false,NEUTRAL-false
12.22.22.26.28.469,0.0,,0.0,,0.0,0.0,0.0,,0.0,,0.0,0.0,false,0.0,,0.0,,12.0,,NEUTRAL-false,NEUTRAL-false
12.22.22.26.28.593,0.0,,0.0,,0.0,0.0,0.0,,0.0,,0.0,0.0,false,0.0,,0.0,,12.0,,NEUTRAL-false,NEUTRAL-false
12.22.22.26.28.718,0.0,,0.0,,0.0,0.0,0.0,,0.0,,0.0,0.0,false,0.0,,0.0,,12.0,,NEUTRAL-false,NEUTRAL-false
12.22.22.26.28.842,0.0,,0.0,,0.0,0.0,0.0,,0.0,,0.0,0.0,false,0.0,,0.0,,12.0,,NEUTRAL-false,NEUTRAL-false
12.22.22.26.28.968,0.0,,0.0,,0.0,0.0,0.0,,0.0,,0.0,0.0,false,0.0,,0.0,,12.0,,NEUTRAL-false,NEUTRAL-false
12.22.22.26.29.093,0.0,,0.0,,0.0,0.0,0.0,,0.0,,0.0,0.0,false,0.0,,0.0,,12.0,,NEUTRAL-false,NEUTRAL-false
12.22.22.26.29.218,0.0,,0.0,,0.0,0.0,0.0,,0.0,,0.0,0.0,false,0.0,,0.0,,12.0,,NEUTRAL-false,NEUTRAL-false
12.22.22.26.29.343,0.0,,0.0,,0.0,0.0,0.0,,0.0,,0.0,0.0,false,0.0,,0.0,,12.0,,NEUTRAL-false,NEUTRAL-false
12.22.22.26.29.468,0.0,,0.0,,0.0,0.0,0.0,,0.0,,0.0,0.0,false,0.0,,0.0,,12.0,,NEUTRAL-false,NEUTRAL-false
12.22.22.26.29.593,0.0,,0.0,,0.0,0.0,0.0,,0.0,,0.0,0.0,false,0.0,,0.0,,12.0,,NEUTRAL-false,NEUTRAL-false
12.22.22.26.29.719,0.0,,0.0,,0.0,0.0,0.0,,0.0,,0.0,0.0,false,0.0,,0.0,,12.0,,NEUTRAL-false,NEUTRAL-false
12.22.22.26.29.842,0.0,,0.0,,0.0,0.0,0.0,,0.0,,0.0,0.0,false,0.0,,0.0,,12.0,,NEUTRAL-false,NEUTRAL-false
12.22.22.26.29.967,0.0,,0.0,,0.0,0.0,0.0,,0.0,,0.0,0.0,false,0.0,,0.0,,12.0,,NEUTRAL-false,NEUTRAL-false
12.22.22.26.30.093,0.0,,0.0,,0.0,0.0,0.0,,0.0,,0.0,0.0,false,0.0,,0.0,,12.0,,NEUTRAL-false,NEUTRAL-false
12.22.22.26.30.218,0.0,,0.0,,0.0,0.0,0.0,,0.0,,0.0,0.0,false,0.0,,0.0,,12.0,,NEUTRAL-false,NEUTRAL-false
12.22.22.26.30.343,0.0,,0.0,,0.0,0.0,0.0,,0.0,,0.0,0.0,false,0.0,,0.0,,12.0,,NEUTRAL-false,NEUTRAL-false
12.22.22.26.30.467,0.0,,0.0,,0.0,0.0,0.0,,0.0,,0.0,0.0,false,0.0,,0.0,,12.0,,NEUTRAL-false,NEUTRAL-false
12.22.22.26.30.592,0.0,,0.0,,0.0,0.0,0.0,,0.0,,0.0,0.0,false,0.0,,0.0,,12.0,,NEUTRAL-false,NEUTRAL-false
12.22.22.26.30.718,0.0,,0.0,,0.0,0.0,0.0,,0.0,,0.0,0.0,false,0.0,,0.0,,12.0,,NEUTRAL-false,NEUTRAL-false
12.22.22.26.30.843,0.0,,0.0,,0.0,0.0,0.0,,0.0,,0.0,0.0,false,0.0,,0.0,,12.0,,NEUTRAL-false,NEUTRAL-false
12.22.22.26.30.968,0.0,,0.0,,0.0,0.0,0.0,,0.0,,0.0,0.0,false,0.0,,0.0,,12.0,,NEUTRAL-false,NEUTRAL-false
12.22.22.26.31.094,0.0,,0.0,,0.0,0.0,0.0,,0.0,,0.0,0.0,false,0.0,,0.0,,12.0,,NEUTRAL-false,NEUTRAL-false
12.22.22.26.31.218,0.0,,0.0,,0.0,0.0,0.0,,0.0,,0.0,0.0,false,0.0,,0.0,,12.0,,NEUTRAL-false,NEUTRAL-false
12.22.22.26.31.343,0.0,,0.0,,0.0,0.0,0.0,,0.0,,0.0,0.0,false,0.0,,0.0,,12.0,,NEUTRAL-false,NEUTRAL-false
12.22.22.26.31.468,0.0,,0.0,,0.0,0.0,0.0,,0.0,,0.0,0.0,false,0.0,,0.0,,12.0,,NEUTRAL-false,NEUTRAL-false
12.22.22.26.31.594,0.0,,0.0,,0.0,0.0,0.0,,0.0,,0.0,0.0,false,0.0,,0.0,,12.0,,NEUTRAL-false,NEUTRAL-false
12.22.22.26.31.718,0.0,,0.0,,0.0,0.0,0.0,,0.0,,0.0,0.0,false,0.0,,0.0,,12.0,,NEUTRAL-false,NEUTRAL-false
12.22.22.26.31.843,0.0,,0.0,,0.0,0.0,0.0,,0.0,,0.0,0.0,false,0.0,,0.0,,12.0,,NEUTRAL-false,NEUTRAL-false
12.22.22.26.31.967,0.0,,0.0,,0.0,0.0,0.0,,0.0,,0.0,0.0,false,0.0,,0.0,,12.0,,NEUTRAL-false,NEUTRAL-false
12.22.22.26.32.093,0.0,,0.0,,0.0,0.0,0.0,,0.0,,0.0,0.0,false,0.0,,0.0,,12.0,,NEUTRAL-false,NEUTRAL-false
12.22.22.26.32.219,0.0,,0.0,,0.0,0.0,0.0,,0.0,,0.0,0.0,false,0.0,,0.0,,12.0,,NEUTRAL-false,NEUTRAL-false
12.22.22.26.32.343,0.0,,0.0,,0.0,0.0,0.0,,0.0,,0.0,0.0,false,0.0,,0.0,,12.0,,NEUTRAL-false,NEUTRAL-false
12.22.22.26.32.467,0.0,,0.0,,0.0,0.0,0.0,,0.0,,0.0,0.0,false,0.0,,0.0,,12.0,,NEUTRAL-false,NEUTRAL-false
12.22.22.26.32.592,0.0,,0.0,,0.0,0.0,0.0,,0.0,,0.0,0.0,false,0.0,,0.0,,12.0,,NEUTRAL-false,NEUTRAL-false
12.22.22.26.32.718,0.0,,0.0,,0.0,0.0,0.0,,0.0,,0.0,0.0,false,0.0,,0.0,,12.0,,NEUTRAL-false,NEUTRAL-false
12.22.22.26.32.843,0.0,,0.0,,0.0,0.0,0.0,,0.0,,0.0,0.0,false,0.0,,0.0,,12.0,,NEUTRAL-false,NEUTRAL-false
12.22.22.26.32.967,0.0,,0.0,,0.0,0.0,0.0,,0.0,,0.0,0.0,false,0.0,,0.0,,12.0,,NEUTRAL-false,NEUTRAL-false
12.22.22.26.33.092,0.0,,0.0,,0.0,0.0,0.0,,0.0,,0.0,0.0,false,0.0,,0.0,,12.0,,NEUTRAL-false,NEUTRAL-false
12.22.22.26.33.218,0.0,,0.0,,0.0,0.0,0.0,,0.0,,0.0,0.0,false,0.0,,0.0,,12.0,,NEUTRAL-false,NEUTRAL-false
12.22.22.26.33.343,0.0,,0.0,,0.0,0.0,0.0,,0.0,,0.0,0.0,false,0.0,,0.0,,12.0,,NEUTRAL-false,NEUTRAL-false
12.22.22.26.33.468,0.0,,0.0,,0.0,0.0,0.0,,0.0,,0.0,0.0,false,0.0,,0.0,,12.0,,NEUTRAL-false,NEUTRAL-false
12.22.22.26.33.592,0.0,,0.0,,0.0,0.0,0.0,,0.0,,0.0,0.0,false,0.0,,0.0,,12.0,,NEUTRAL-false,NEUTRAL-false
12.22.22.26.33.718,0.0,,0.0,,0.0,0.0,0.0,,0.0,,0.0,0.0,false,0.0,,0.0,,12.0,,NEUTRAL-false,NEUTRAL-false
12.22.22.26.33.843,0.0,,0.0,,0.0,0.0,0.0,,0.0,,0.0,0.0,false,0.0,,0.0,,12.0,,NEUTRAL-false,NEUTRAL-false
12.22.22.26.33.967,0.0,,0.0,,0.0,0.0,0.0,,0.0,,0.0,0.0,false,0.0,,0.0,,12.0,,NEUTRAL-false,NEUTRAL-false
12.22.22.26.34.093,0.0,,0.0,,0.0,0.0,0.0,,0.0,,0.0,0.0,false,0.0,,0.0,,12.0,,NEUTRAL-false,NEUTRAL-false
12.22.22.26.34.217,0.0,,0.0,,0.0,0.0,0.0,,0.0,,0.0,0.0,false,0.0,,0.0,,12.0,,NEUTRAL-false,NEUTRAL-false
12.22.22.26.34.343,0.0,,0.0,,0.0,0.0,0.0,,0.0,,0.0,0.0,false,0.0,,0.0,,12.0,,NEUTRAL-false,NEUTRAL-false
12.22.22.26.34.467,0.0,,0.0,,0.0,0.0,0.0,,0.0,,0.0,0.0,false,0.0,,0.0,,12.0,,NEUTRAL-false,NEUTRAL-false
12.22.22.26.34.593,0.0,,0.0,,0.0,0.0,0.0,,0.0,,0.0,0.0,false,0.0,,0.0,,12.0,,NEUTRAL-false,NEUTRAL-false
12.22.22.26.34.718,0.0,,0.0,,0.0,0.0,0.0,,0.0,,0.0,0.0,false,0.0,,0.0,,12.0,,NEUTRAL-false,NEUTRAL-false
12.22.22.26.34.843,0.0,,0.0,,0.0,0.0,0.0,,